<?xml version="1.0" encoding="UTF-8"?>
<docproject>
  <packages>
    <!-- Multiple packages can be entered.
         If only one is specified, it is selected.
         "name" is a mandatory attribute
         a "units" tag is required, and a "descriptions" tag as well
    -->
    <package name="fpgui" output="fpgui.ipf" contentfile="fpgui.cnt">
<!--
    <package name="fpgui" output="fpgui.ipf" contentfile="fpgui.cnt">
    <package name="fpgui" output="html/" contentfile="fpgui.cnt">
-->
      <!-- All input files, one "unit" tag per unit -->
      <units>
        <!-- "file" is a mandatory attribute, "options" is not mandatory -->
        <unit file="../src/corelib/fpg_constants.pas" options="-Fi../src -Fu../src/corelib/x11/ -Fi../src/corelib/x11/ -Fu../src/gui/ -Fu../src/corelib/"/>
        <unit file="../src/corelib/fpg_base.pas" options="-Fi../src -Fu../src/corelib/x11/ -Fi../src/corelib/x11/ -Fu../src/gui/ -Fu../src/corelib/"/>
        <unit file="../src/corelib/x11/fpg_x11.pas" options="-Fi../src -Fu../src/corelib/x11/ -Fi../src/corelib/x11/ -Fu../src/gui/ -Fu../src/corelib/"/>
        <unit file="../src/corelib/x11/fpg_interface.pas" options="-Fi../src -Fu../src/corelib/x11/ -Fi../src/corelib/x11/ -Fu../src/gui/ -Fu../src/corelib/"/>
        <unit file="../src/corelib/gdi/fpg_gdi.pas" options="-Fi../src -Fu../src/corelib/gdi/ -Fi../src/corelib/gdi/ -Fu../src/gui/ -Fu../src/corelib/"/>
        <unit file="../src/corelib/fpg_main.pas" options="-Fi../src -Fu../src/corelib/x11/ -Fi../src/corelib/x11/ -Fu../src/gui/ -Fu../src/corelib/"/>
        <unit file="../src/corelib/fpg_widget.pas" options="-Fi../src -Fu../src/corelib/x11/ -Fi../src/corelib/x11/ -Fu../src/gui/ -Fu../src/corelib/"/>
        <unit file="../src/corelib/fpg_imgfmt_bmp.pas" options="-Fi../src -Fu../src/corelib/x11/ -Fi../src/corelib/x11/ -Fu../src/gui/ -Fu../src/corelib/"/>
        <unit file="../src/corelib/fpg_utils.pas" options="-Fi../src -Fu../src/corelib/x11/ -Fi../src/corelib/x11/ -Fu../src/gui/ -Fu../src/corelib/"/>
        <unit file="../src/corelib/fpg_wuline.pas" options="-Fi../src -Fu../src/corelib/x11/ -Fi../src/corelib/x11/ -Fu../src/gui/ -Fu../src/corelib/"/>
        <unit file="../src/corelib/fpg_cmdlineparams.pas" options="-Fi../src -Fu../src/corelib/"/>
        <unit file="../src/corelib/fpg_extinterpolation.pas" options="-Fi../src -Fu../src/corelib/"/>
        <unit file="../src/corelib/fpg_stdimages.pas" options="-Fi../src -Fu../src/corelib/"/>
        <unit file="../src/corelib/fpg_stringutils.pas" options="-Fi../src -Fu../src/corelib/"/>
        <unit file="../src/corelib/fpg_popupwindow.pas" options="-Fi../src -Fu../src/corelib/"/>
        <unit file="../src/corelib/fpg_imagelist.pas" options="-Fi../src -Fu../src/corelib/"/>
        <unit file="../src/corelib/fpg_stringhashlist.pas" options="-Fi../src -Fu../src/corelib/"/>
        <unit file="../src/corelib/fpg_pofiles.pas" options="-Fi../src -Fu../src/corelib/"/>
        <unit file="../src/corelib/fpg_translations.pas" options="-Fi../src -Fu../src/corelib/"/>
        <unit file="../src/corelib/fpg_command_intf.pas" options="-Fi../src -Fu../src/corelib/"/>

        <unit file="../src/gui/fpg_basegrid.pas" options="-Fi../src -Fu../src/gui/ -Fu../src/corelib/"/>
        <unit file="../src/gui/fpg_button.pas" options="-Fi../src -Fu../src/gui/ -Fu../src/corelib/"/>
        <unit file="../src/gui/fpg_colormapping.pas" options="-Fi../src -Fu../src/gui/ -Fu../src/corelib/"/>
        <unit file="../src/gui/fpg_colorwheel.pas" options="-Fi../src -Fu../src/gui/ -Fu../src/corelib/"/>
        <unit file="../src/gui/fpg_dialogs.pas" options="-Fi../src -Fu../src/gui/ -Fu../src/corelib/"/>
        <unit file="../src/gui/fpg_form.pas" options="-Fi../src -Fu../src/gui/ -Fu../src/corelib/"/>
        <unit file="../src/gui/fpg_hyperlink.pas" options="-Fi../src -Fu../src/gui/ -Fu../src/corelib/"/>
        <unit file="../src/gui/fpg_tree.pas" options="-Fi../src -Fu../src/gui/ -Fu../src/corelib/"/>

        <!-- undocumented units -->
        <unit file="../src/corelib/fpg_dbugintf.pas" options="-Fi../src -Fu../src/gui/ -Fu../src/corelib/"/>
        <unit file="../src/corelib/fpg_dbugmsg.pas" options="-Fi../src -Fu../src/gui/ -Fu../src/corelib/"/>
        <unit file="../src/gui/fpg_animation.pas" options="-Fi../src -Fu../src/gui/ -Fu../src/corelib/"/>
        <unit file="../src/gui/fpg_checkbox.pas" options="-Fi../src -Fu../src/gui/ -Fu../src/corelib/"/>
        <unit file="../src/gui/fpg_combobox.pas" options="-Fi../src -Fu../src/gui/ -Fu../src/corelib/"/>
        <unit file="../src/gui/fpg_customgrid.pas" options="-Fi../src -Fu../src/gui/ -Fu../src/corelib/"/>
        <unit file="../src/gui/fpg_edit.pas" options="-Fi../src -Fu../src/gui/ -Fu../src/corelib/"/>
        <unit file="../src/gui/fpg_editbtn.pas" options="-Fi../src -Fu../src/gui/ -Fu../src/corelib/"/>
        <unit file="../src/gui/fpg_editcombo.pas" options="-Fi../src -Fu../src/gui/ -Fu../src/corelib/"/>
        <unit file="../src/gui/fpg_gauge.pas" options="-Fi../src -Fu../src/gui/ -Fu../src/corelib/"/>
        <unit file="../src/gui/fpg_grid.pas" options="-Fi../src -Fu../src/gui/ -Fu../src/corelib/"/>
        <unit file="../src/gui/fpg_hint.pas" options="-Fi../src -Fu../src/gui/ -Fu../src/corelib/"/>
        <unit file="../src/gui/fpg_hyperlink.pas" options="-Fi../src -Fu../src/gui/ -Fu../src/corelib/"/>
        <unit file="../src/gui/fpg_iniutils.pas" options="-Fi../src -Fu../src/gui/ -Fu../src/corelib/"/>
        <unit file="../src/gui/fpg_label.pas" options="-Fi../src -Fu../src/gui/ -Fu../src/corelib/"/>
        <unit file="../src/gui/fpg_listbox.pas" options="-Fi../src -Fu../src/gui/ -Fu../src/corelib/"/>
        <unit file="../src/gui/fpg_listview.pas" options="-Fi../src -Fu../src/gui/ -Fu../src/corelib/"/>
        <unit file="../src/gui/fpg_memo.pas" options="-Fi../src -Fu../src/gui/ -Fu../src/corelib/"/>
        <unit file="../src/gui/fpg_menu.pas" options="-Fi../src -Fu../src/gui/ -Fu../src/corelib/"/>
        <unit file="../src/gui/fpg_mru.pas" options="-Fi../src -Fu../src/gui/ -Fu../src/corelib/"/>
        <unit file="../src/gui/fpg_panel.pas" options="-Fi../src -Fu../src/gui/ -Fu../src/corelib/"/>
        <unit file="../src/gui/fpg_popupcalendar.pas" options="-Fi../src -Fu../src/gui/ -Fu../src/corelib/"/>
        <unit file="../src/gui/fpg_progressbar.pas" options="-Fi../src -Fu../src/gui/ -Fu../src/corelib/"/>
        <unit file="../src/gui/fpg_radiobutton.pas" options="-Fi../src -Fu../src/gui/ -Fu../src/corelib/"/>
        <unit file="../src/gui/fpg_readonly.pas" options="-Fi../src -Fu../src/gui/ -Fu../src/corelib/"/>
        <unit file="../src/gui/fpg_scrollbar.pas" options="-Fi../src -Fu../src/gui/ -Fu../src/corelib/"/>
        <unit file="../src/gui/fpg_scrollframe.pas" options="-Fi../src -Fu../src/gui/ -Fu../src/corelib/"/>
        <unit file="../src/gui/fpg_spinedit.pas" options="-Fi../src -Fu../src/gui/ -Fu../src/corelib/"/>
        <unit file="../src/gui/fpg_splitter.pas" options="-Fi../src -Fu../src/gui/ -Fu../src/corelib/"/>
        <unit file="../src/gui/fpg_style.pas" options="-Fi../src -Fu../src/gui/ -Fu../src/corelib/"/>
        <unit file="../src/gui/fpg_style_bitmap.pas" options="-Fi../src -Fu../src/gui/ -Fu../src/corelib/"/>
        <unit file="../src/gui/fpg_style_bluecurve.pas" options="-Fi../src -Fu../src/gui/ -Fu../src/corelib/"/>
        <unit file="../src/gui/fpg_style_carbon.pas" options="-Fi../src -Fu../src/gui/ -Fu../src/corelib/"/>
        <unit file="../src/gui/fpg_style_clearlooks.pas" options="-Fi../src -Fu../src/gui/ -Fu../src/corelib/"/>
        <unit file="../src/gui/fpg_style_motif.pas" options="-Fi../src -Fu../src/gui/ -Fu../src/corelib/"/>
        <unit file="../src/gui/fpg_style_plastic.pas" options="-Fi../src -Fu../src/gui/ -Fu../src/corelib/"/>
        <unit file="../src/gui/fpg_style_win2k.pas" options="-Fi../src -Fu../src/gui/ -Fu../src/corelib/"/>
        <unit file="../src/gui/fpg_style_win8.pas" options="-Fi../src -Fu../src/gui/ -Fu../src/corelib/"/>
        <unit file="../src/gui/fpg_stylemanager.pas" options="-Fi../src -Fu../src/gui/ -Fu../src/corelib/"/>
        <unit file="../src/gui/fpg_tab.pas" options="-Fi../src -Fu../src/gui/ -Fu../src/corelib/"/>
        <unit file="../src/gui/fpg_trackbar.pas" options="-Fi../src -Fu../src/gui/ -Fu../src/corelib/"/>
        <unit file="../src/gui/fpg_trayicon.pas" options="-Fi../src -Fu../src/gui/ -Fu../src/corelib/"/>
        <unit file="../src/reportengine/u_command.pas" options="-Fu../src/gui/reportengine/"/>
        <unit file="../src/reportengine/u_pdf.pas" options="-Fu../src/gui/reportengine/"/>
        <unit file="../src/reportengine/u_report.pas" options="-Fu../src/gui/reportengine/"/>
        <unit file="../src/reportengine/u_reportimages.pas" options="-Fu../src/gui/reportengine/"/>
        <unit file="../src/reportengine/u_visu.pas" options="-Fu../src/gui/reportengine/"/>

      </units>
      <descriptions>
        <!-- Description files here. One "description" tag per file.
            "file" is the only mandatory attribute -->
        <description file="xml/fpgui_topic_defaultlanguage.xml"/>
        <description file="xml/fpgui_topic_dnd.xml"/>
        <description file="xml/fpgui_topic_embedded_forms.xml"/>

        <description file="xml/corelib/fpg_constants.xml"/>
        <description file="xml/corelib/fpg_base.xml"/>
        <description file="xml/corelib/x11/fpg_x11.xml"/>
        <description file="xml/corelib/x11/fpg_interface.xml"/>
        <description file="xml/corelib/gdi/fpg_gdi.xml"/>
        <description file="xml/corelib/fpg_main.xml"/>
        <description file="xml/corelib/fpg_widget.xml"/>
        <description file="xml/corelib/fpg_imgfmt_bmp.xml"/>
        <description file="xml/corelib/fpg_utils.xml"/>
        <description file="xml/corelib/fpg_wuline.xml"/>
<!--        <description file="xml/corelib/fpg_cmdlineparams.xml"/> -->
        <description file="xml/corelib/fpg_extinterpolation.xml"/>
<!--        <description file="xml/corelib/fpg_stdimages.xml"/> -->
<!--        <description file="xml/corelib/fpg_stringutils.xml"/> -->
<!--        <description file="xml/corelib/fpg_popupwindow.xml"/> -->
<!--        <description file="xml/corelib/fpg_imagelist.xml"/> -->
<!--        <description file="xml/corelib/fpg_pofiles.xml"/> -->
<!--        <description file="xml/corelib/fpg_translations.xml"/> -->
<!--        <description file="xml/corelib/fpg_stringhashlist.xml"/> -->
        <description file="xml/corelib/fpg_command_intf.xml"/>

        <description file="xml/gui/fpg_button.xml"/>
        <description file="xml/gui/fpg_dialogs.xml"/>
        <description file="xml/gui/fpg_hyperlink.xml"/>
        <description file="xml/gui/fpg_colormapping.xml"/>
        <description file="xml/gui/fpg_colorwheel.xml"/>
        <description file="xml/gui/fpg_tree.xml"/>
        <description file="xml/gui/fpg_basegrid.xml"/>
        <description file="xml/gui/fpg_form.xml"/>
        <description file="xml/gui/fpg_grid.xml"/>
        <description file="xml/gui/fpg_panel.xml"/>
        <description file="xml/gui/fpg_trayicon.xml"/>
      </descriptions>
    </package>
  </packages>
  <options>
    <!-- All command-line options can be specified here with the same name
         and value as on the actual command-line. Boolean options must have
         a value of 'true', '1' or 'yes' -->
    <option name="format" value="ipf"/>
    <option name="hide-protected" value="true"/>
    <option name="duplinkeddoc" value="true"/>
<!--
    ## Options for IPF output
    <option name="format" value="ipf"/>
    <option name="hide-protected" value="true"/>
    <option name="duplinkeddoc" value="true"/>

    ## Options for HTML output
    <option name="format" value="html"/>
  or
    <option name="format" value="chm"/>
    <option name="footer-date" value="yyyy-mm-dd"/>
    <option name="css-file" value="fpdoc.css"/>
    <option name="hide-protected" value="true"/>
-->
  </options>
</docproject>
