<?xml version="1.0" encoding="UTF-8"?>
<fpdoc-descriptions>
<package name="fpGUI">

<module name="fpg_trayicon">
<short>Provides an icon for an application in the system tray</short>
<descr><printshort id="#fpgui.fpg_trayicon"/>.</descr>

<element name="TfpgSystemTrayIcon">
<short>The <var>TfpgSystemTrayIcon</var> class provides an icon for an application
in the system tray</short>
<descr><p><printshort id="TfpgSystemTrayIcon"/>.</p>
<p>Modern operating systems usually provide a special area on the desktop,
called the system tray or notification area, where long-running applications
can display icons and short messages.</p>
<img file="screenshots/fpgui_trayicon.png" />
</descr>
<example file="examples/fpg_trayicon_usage.pas"/>
</element>

<element name="TfpgSystemTrayIcon.OnPaint">
<short>Allows custom painting of the tray icon</short>
<descr><printshort id="#fpgui.TfpgSystemTrayIcon.OnPaint"/>. If you need more
that simply a icon, you can use the <var>OnPaint</var> event to do any custom painting
of the tray area.</descr>
</element>

<element name="TfpgSystemTrayIcon.ImageName">
<short>Defines what icon to display in the tray area</short>
<descr><printshort id="TfpgSystemTrayIcon.ImageName"/>.</descr>
</element>

<element name="TfpgSystemTrayIcon.PopupMenu">
<short>Sets the specified menu to be the context menu for the system tray icon</short>
<descr><printshort id="#fpgui.TfpgSystemTrayIcon.PopupMenu"/>. The menu will
pop up when the user requests the context menu for the system tray icon by
clicking the mouse button.</descr>
</element>


</module>
</package>
</fpdoc-descriptions>
